filename,author,start_page,position_number
interactiveImage01.webp,왑떵 님,0,1
interactiveImage02.webp,콩잎장아찌 님,0,2
interactiveImage03.webp,리코사랑치코 님,0,3

interactiveImage04.webp,Opera Vulcani 님,10,4
interactiveImage05.webp,HaTae 님,10,1
interactiveImage06.webp,Chuvi 님,10,2

interactiveImage07.webp,김수평 님,18,3
interactiveImage08.webp,바랑 님,18,4
interactiveImage09.webp,익명의 치코,18,1

interactiveImage10.webp,오리참구리 님,36,2
interactiveImage11.webp,TsuYu 님,36,3
interactiveImage12.webp,서횽 님,36,4

interactiveImage13.webp,mediaqua226 님,58,1
interactiveImage14.webp,앞골목뒷골목 님,58,2
interactiveImage15.webp,Kitsune Hero 님,58,3

interactiveImage16.webp,오지상 님,78,4
interactiveImage17.webp,일렉트로모카 님,78,1

interactiveImage18.webp,NB 님,104,2
interactiveImage19.webp,익명의 치코,104,3
interactiveImage20.webp,달토끼 님,104,4
